材料路径,字节数,SHA256
CONTEXT.md,2518,6922cbd296b4f5229b20e3bb25d46a803d08fc83a405b50ff8bd4e7cf163f013
README.zh-CN.md,10947,a3ba37ec2f5a5c98f81ade7b0acce6cd67555c35fa9dd969f470dc90d14be8bb
docs/README.md,2426,2ab93b26ba3639879e8ce91f4a327d9537f797fde70756834762463a3f701699
docs/agentic-delivery-product-brief.md,14720,2600d62bd1bb9a44e1d0810e4b4b63c5db25b7798b9cb38897cb8ad7f9bae637
docs/architecture/context-management.md,4428,4a5f19e3bef88edf8be175db4851fe65ad56ef9f3330a882c119edc84a011dc2
docs/architecture/human-supervision.md,7645,2a338fe796f65e6ff349334ab89fdeb65989e613e1bedf2155169dba2dbbeafb
docs/architecture/module-map.md,5130,1b1957d64e5379050725c6bd39fad2fb3c4b3c6a823b88fb77ef663d47add126
docs/chenwenhui/决策链历史决策页-记录内容说明-2026-09-02.md,4604,4f4460b592f32b8c7dd8f577d42cdf1e94934a12c6979dca325bb7d7a15f34c6
docs/design/decision-chain-v3-mockup.html,27060,cd1fd7ed1d5b784c272a3a31a5b225fc3c8e51e47df48c9afe94d7bf79dd5d3e
docs/development/agentteams-native-execution-mode-purpose-20260902.md,15679,d0ef318566cb22bfe17e92eade8d4e3f701521cc32f9df7fb59430884dd736d2
docs/development/capability-governance-spec.md,9632,aec4ff37a7a2c1d2cea0493826059dfef1c820f72281accff19e6187e21751cb
docs/development/database-branch-validation-spec.md,5023,3263bd0ab2036d0d0bd99bf1a552d9da57ca74da2cf7bf180df4f7f2e45c54af
docs/development/database-test-handoff-frontend-spec.md,1120,cf74438508e01e7d0a0b69e261b93b9feeb010541ba61bdcc542c26da51fdb2b
docs/development/database-test-team-handoff-spec.md,2896,b6b19e8991d172bbfd5a2bfcb686bd7caa7cd772a8f4be9767dec59b9fdf000c
docs/development/delivery-conflict-recovery-spec.md,2066,1f33cfc752b27e13c627a091a3bb46ad0b5c8d5900d2ed20cf0bc5d3a33199de
docs/development/dynamic-plan-revision-spec.md,2479,000c34f721e43fc0345d8685cd5e237ff0f569b85a004b39dc69c9aa18a353ad
docs/development/full-loop-gui-design-20260812.md,6229,e9f094fb7f506082a86835fb5eaf328df3a114ecc444fd9f418d96af4dea237e
docs/development/local-cli-launch-readiness-requirement-20260829.md,15657,8652528b294150c4bbb7bf6bbc74b259ba63e3fde601e9f25db80f6b23eeeccd
docs/development/manager-database-task-automation-check.md,978,6b46e9a9ef2bdb7b3e10894b408305b6423c8c375094a419f0f73408f0a7e0b1
docs/development/module-test-team/module-test-team-spec-20260901.md,20625,fbef87db5e309ead02a5c37c01f999eee7ed0091a37cbf0020fda6dfc0785b8a
docs/development/operations-governance-check.md,1222,2356e0c2a0fb7c9541a0024c2fc49144904c3484940b72c1ce62f67869da7436
docs/development/operations-governance-spec.md,4144,c59332747b58b98e660bc0258d60e089d151493239ca4812bfc75c5c4c5f917d
docs/development/supervision-policy-design-20260814.md,49255,001388b8bfcc8b878fec7d04170ea995219de176897bba4b5048d97a8ba62478
docs/development/unified-recovery-case-spec.md,2634,6cde81121e7e4debca5135a55688db787dd8d16fc6e7ebe70725b928dcf8cb43
docs/development/worker-failure-reassignment-spec.md,9600,700923005c9795eba006d5567d74ba7cb022af642fea2c5be9f848ed1e201d20
docs/repository-native-delivery-prd-v0.1.md,24383,533e4012c95b7e54a5b92ffa87d85e503045a5e2e85cfa53740989a77e45237f
docs/requirements/train-ticket-day1-notification-email.md,5749,ce82c9820ece82b6932dbc669a5279e4c2d8c47b0edf7a8a0e240ed8e8df169b
docs/startup-records/2026-09-06-live-mock-chain.md,24964,848d008b6872473e28750d23d5e84b36c6e927e16c14db0ae7b6bc4e6cca0221
frontend-prototype/DESIGN-DECISION-V2.md,6297,cc9bd495bd6c1dcf399eeaa3d411b3ba2100736a695dbe7ad4c015330c9765b5
frontend-prototype/README.md,693,54c3c65903044f85f90640e15eae73748bcc4a25e1fd5ff14607d4fd05b83242
frontend-prototype/full-loop-surfaces.html,13961,681bf213d8fbc7e68813d0b6bb17156723c86b3be84c0a9ccd4cbb8c6baf27cf
frontend-prototype/redesign-issue-centric.html,44596,fe181be4980724cfd912e843a987b4ab5fb7da0ca3614a707e6f8fbd5bd6a3c6
frontend/README.md,7805,f8e1c0189eb76ae7ebbabd340e25b9fa8ebc8b1360bba8371e20c3c6616188a8
frontend/src/ConsoleShell.tsx,17387,7ea46d0824b0ec7d90cdb0cc6c83012a3856651b831c297cd670a1fb5dc0d3ee
frontend/src/api/auth.ts,5259,28f29203b7fd89d4e8e4f75485aa8425b0d046fcb4771c1b132f5681ded4b631
frontend/src/api/platformSetup.ts,3872,f5369fb953caf64cb495afc36eecb286a15f511f0971627a3311fa2615b3b5a8
frontend/src/components/AddRepositoryCard.tsx,15182,def08be0c1d0782459de662089c838e3fa4041af9980b2df29e3cfb91317ec16
frontend/src/components/AgentVerificationBlock.tsx,8161,d0b297ed21011a644a4e8aa5682bac27278c044e25de8b38859a753b624ad79b
frontend/src/components/AlertPanel.tsx,14072,bc0df08cade0772eb35e81bfa9c87c1d65bc89da0242d6df39d9d126b39f9fed
frontend/src/components/ApprovalModal.tsx,8929,dcd2fc8ab11f996bc804aa6fd807a97f3e01d9dd870986de8ece8238d0c0d08d
frontend/src/components/DatabaseTestHandoffPanel.tsx,3000,ed7e4de561f7ec9f9461e64580edf64cec772a45e367ed021e666c82c2dfa6d3
frontend/src/components/DecisionDeck.tsx,4003,fb54f53b42b8f61b55444c32f63d4b9bc2277e8739c07ca13a4f82e638e24ee1
frontend/src/components/DiscoveryApproval.tsx,16810,b320e9da310c71526ab392e471591046e56107346b6dfaecf4129c310376e1b2
frontend/src/components/DiscoveryPanel.tsx,61299,c1e604d24f9278ae318813efa5625be7d1841be9c0fff982a7763112533eb065
frontend/src/components/EvidenceModal.tsx,8260,d9cee32f897004e505d1aed2da80ab004a3531bce3f2fdac31858d6054dd5adb
frontend/src/components/LocalAccountsPanel.tsx,11706,ebebe6d0bea6728bd426be1b484626b59e65e15ced43b4673b20e43c99d3f422
frontend/src/components/LoginPage.tsx,5065,ef909c5b957f6b3a16914178438ccb9d58c1af3c5c8a5b3efb32d7488bd3175d
frontend/src/components/MaterializeModal.tsx,34462,67b2eace1db9b32032fdcc66de6a2a9c56d6dd7bfb3814b9195f4876508c1442
frontend/src/components/NewIssueModal.tsx,11283,3539f11c427657d433f81670cc625bd489b67d2d5266e9cf889288c4c902d693
frontend/src/components/PlanDagPanel.tsx,34518,f116eda7eb44415168f9594e04030e569a76335627a1137a5ca6db17492a0471
frontend/src/components/ProvisionTeamModal.tsx,9021,cf7ea56f26b45bb65c8c0d8b1b085d8e6c7b2b6173bb4ddb23260121c1519cd2
frontend/src/components/RedispatchModal.tsx,10771,ea1bb15caab245eb0f98d1619c3ea8c6334aa1dd97beaf4f50c37a2c5131b942
frontend/src/components/RepositoryProfileDialog.tsx,4715,a35d280d7556ec1bbe532617c75cb83a8e18e29ecfb98597372a6829f40b93b8
frontend/src/components/RepositoryVerificationDialog.tsx,4218,811ec7cc12e62bd205d1b61ecabaa556adf6b6ebbc0693fadb2a966e1a4c8716
frontend/src/components/RollbackModal.tsx,10774,4a1979724a3df5a0360c47333bc911e278f9364df231aefa1937a1bf929057d9
frontend/src/components/RoundsPanel.tsx,16722,8fe54d8813d9bcaee1d6a76ad242faf079b34507aab7abb4c397df32a68a7074
frontend/src/components/SidebarV2.tsx,16297,df1f24655b7a6ebb94f9fbaa1823a64b8caeb93d3b5c00fa9877dd875ad677e9
frontend/src/components/SupervisionPolicyDialog.tsx,54057,5191515b21c3e3c608c63c0df9746dd330d5f9f7e817293824a762e3fc0a76ad
frontend/src/index.css,2027,f1918a4949551924c62bbf02001d79394427a19b47682ac95bc9364da02c30cb
frontend/src/pages/AgentsPage.tsx,7464,50319dd3622a38fe953b5f57fa34207abb998c95a5249867bde0f19d0f51678d
frontend/src/pages/DecisionChainPage.tsx,61835,c52ede13d1ea845d58c3331772afb9f1caf277c38fccde5a04e9cd4ed71387b9
frontend/src/pages/IssueDetailPage.tsx,44087,2f5f8de0c0bb637b8373f7741af8241a46738cd97ac936cf9758341a3ae6dd97
frontend/src/pages/IssueListPage.tsx,6651,5dbdefd05ab640031e404867b3fa75910ccde50e3a076c8ac038266e7b927cc3
frontend/src/pages/LocalCliPage.tsx,20471,5d33b3b8a0b319c2018275e8c5456ce97f8d1331e213244b1e5e32a429c4c957
frontend/src/pages/RepositoriesPage.tsx,12132,d878b64946528bdbd0285eb255d949ddb7302250f09ea3448e050c01b5b54cfc
frontend/src/pages/ReviewDeskPage.tsx,10302,676576377eb7785b2fa721f99f0446cafbb516cef0a1728c455c764251f75e35
frontend/src/pages/RoomView.tsx,21382,8bbf947c002a652dda97269ef5481f2c52df501c465e5fb08ec55e564cf58460
frontend/src/pages/SettingsPage.tsx,22508,db5b9eccf0a16c969c877b9cb2c02ec59fac301dc6b1a97bdb4dd8faae9ca0a9
frontend/src/pages/SetupWizardPage.tsx,15632,02a0b54d2b1773da36d2630cccc2a5c6c0fe6c1d1f6a94df33e0c4cc14932a4a
frontend/src/pages/TeamsPage.tsx,10476,7513e34f240aa957971c77454f5ed667b386433c9f8089f559dfcdad4ff5174d
frontend/src/pages/observe/ObserveAlerts.tsx,1118,689b0356eae67674bc32636cd4444cf62f7cc0a5c0b0d634e617dedc6ebe1f64
frontend/src/pages/observe/ObserveHome.tsx,8408,8845dfade3d0f631cf487d9e3555cbe9872672fbd2af3425050f12cfaad51aeb
frontend/src/pages/observe/ObserveLogs.tsx,14290,560c973ba2f403491e5bde5e071f26240a44b5767580d668c65055282592d10f
frontend/src/pages/observe/ObserveTrace.tsx,23937,602c16f2ca10b1a11ae8f8fc7e68999f52eaf890d0a589660ca9e0438e2a6ac7
frontend/src/pages/observe/ObserveUsage.tsx,15974,552ca39ebca4302c20a6262ab97ea62f1d21d67ce1245b9367ff6fe997a15d82
frontend/src/routes.ts,3857,f55cb041ac4db9a44152f545c876ab44297d59452f85365ef24b670278d64fb6
observe-ui-plan/observe-ui-plan.html,2210,e6bbdcec68ad7587b43bcafa6a3070e7b9cae8084a054c29e3052d84a6fab8f5
src/repomesh/modules/agent_directory/README.md,1965,a5157e863e1ab5db1889b728a2c793419c7329ba70d35217b249f1c84c90dae1
src/repomesh/modules/agent_runtime/README.md,2957,b2991bcb71a9eef8a7da5d9390692d7c5a671aee99fa5e18f996c361909caf06
src/repomesh/modules/capability_management/README.md,417,b4630546297b30e93cb45f59f32f470fd2e85bf8afed4232179b436ed8f0e8e3
src/repomesh/modules/change_control/README.md,528,0992d131c5e75b8082c044bbe2390b77d0f9741efa2b80c4cf14b5910978421b
src/repomesh/modules/change_orchestration/README.md,864,5e8a18a90995a8c9446c6142b393b9c440b03e93dfe3ecf16242df4eca0ba81a
src/repomesh/modules/collaboration/README.md,779,fc7eb98589c86a48b03892f4b59c29345bd933cb64099237511c2eb63b96b3b8
src/repomesh/modules/context/README.md,1302,e30371873b4dac7cf3328488d2c82601a0b010269f371536748cc951c37fde1e
src/repomesh/modules/delivery/README.md,4777,ae5f29192d725049bada3c7bc56680216f07d45a20da6c8924d9c09629cf5858
src/repomesh/modules/project/README.md,2609,1a86e6f15a6cb3562bae847b017e51769a6c48e2acd8e3e5d020467b81888f39
src/repomesh/modules/repository_intelligence/README.md,637,7d15bb30563f27d2ebd32d241b866545772b293fa30d08a1a29910467c34eea7
src/repomesh/modules/review_validation/README.md,805,4875da406a559bfb87d85c0d3abc6208841af2a3eaa478b4e81930343a41d061
src/repomesh/modules/specification/README.md,989,d66c4efcc5b1537ab09d6c112cece4bda882b593e929d126c26aba39a1fd3f4a
src/repomesh/modules/task_orchestration/README.md,1421,3af9a6b3fd24e487bfb3753404884be3741ce0aad4c641d7de9fbc7cb6daad17
通知摘要-需求文档.md,8194,9c7b12de6058e88f1c5a0caf2852d43730a616609cb4c7c1b4c39cf02474652b
