path	classification	base_sha256	source_sha256	target_sha256	source_mode	target_mode	planned_output
AGENTS.md	b03_only	08f88cf5942d09492ff204f9cb6aa9c4d1e1a7d0b684811563d2e45b2531042c	e822a4514fcc03418fe98f4974fdb7f70147d38ee815d92590ec6802d3af39fa	08f88cf5942d09492ff204f9cb6aa9c4d1e1a7d0b684811563d2e45b2531042c	0644	0644	105cf001742480b9f8bc02776675d3baf692c578428d7018191d8f00604bab87
README.md	b03_only	adc49c1fbbab6ad268df73dd3fccdd45067612bd7f95ffed202b1f9cb49ae4b6	6555f93652ee6abcfded16fbdb1ab1e6a82cb613797b104bc6da495695c05c50	adc49c1fbbab6ad268df73dd3fccdd45067612bd7f95ffed202b1f9cb49ae4b6	0644	0644	a2dd7a3de5fa63f1e1291c98be0c19b5b4b6b5baf0828349a425acf807e6d4a0
cmd/repomesh-web/main.go	b03_only	012e3a33ed2bc26a56e39dd0a5699f868efe131469c1ab60540d1e13b95a2783	11612bc8b6e272e5b962fa2558c0691716684c906e328d9cff7de960e3774421	012e3a33ed2bc26a56e39dd0a5699f868efe131469c1ab60540d1e13b95a2783	0644	0644	11612bc8b6e272e5b962fa2558c0691716684c906e328d9cff7de960e3774421
docs/current/DEVELOPMENT-START.md	b03_only	6f561d198e547a8947f2f57368698c251c24da9eb2ffba5c9225207d213fc665	3ddd1f98ff479b5ff53b43dec6acdbbe93ac571cd02197333a46db260393163e	6f561d198e547a8947f2f57368698c251c24da9eb2ffba5c9225207d213fc665	0644	0644	821445b4e3d79e39ebdb5805709196a358460ec1b32dc36d319b599485d70eb6
docs/current/HANDOFF.md	both_different	86e67979ff9bfe5913fd79e2995749a610ff72e46fd4e2e6b5b16344a50f0e3f	9db3351c4ef115a44dd6b84dde041fa18e2aaebd53691f6f3320030e071f8b9f	55f813de2d8289700c366959ed00a8b18d14a891b1fec43deec0d8843604b504	0644	0644	9f5034f8d7ed1661f6ae6c5748f6a5d2cacd51b2e689b0f0bf3e8c85e7f580fe
docs/current/IMPLEMENTATION-PLAN.md	both_different	de48c73d9d61c5fab4d76a3aa73803b88b02d4ab4e79e83c7b1c20cf95524f85	3976a9bf72d07cbfb93500d24f40760a1df67e8cb115a021e6b06b1f79a440b2	eaab816f92ec0f9fda654597210a333d2593dcddaa9fdf61d90d97d246f598cb	0644	0644	2921a7f452386e744baf1f3a2acdf11ac89c9e7e5eaf1ef7c5e458c032489417
docs/current/README.md	b03_only	a10931f313e82c562d24ea116eca896ca7c23404a7e41c112858b52a80f8873d	c2a131bb8b4b3c0289307507e431cc590ad96d2f179c1c170e078ab3809e7f7f	a10931f313e82c562d24ea116eca896ca7c23404a7e41c112858b52a80f8873d	0644	0644	0ec72ad82c37f494acef293bd80100fa12519e66d6b76c05924c303c5aeb1295
docs/current/project-development.md	b03_only	ABSENT	d924578b0602a3886161d8ee8f0c4abb532bd1446b907a3dc43dd4a3e608276f	ABSENT	0644	ABSENT	f9972340344411cd221e4bb8e4af4c54a847131146435c764b4cfef3df8248fd
internal/access/callback.go	b03_only	0091d3d207c35caa386d2f871967be8ebda06c192675b357889d226225f1b977	27fe908127845f43188977249e0b16b566cc84b176336176e9436ace3ab5eb5c	0091d3d207c35caa386d2f871967be8ebda06c192675b357889d226225f1b977	0644	0644	27fe908127845f43188977249e0b16b566cc84b176336176e9436ace3ab5eb5c
internal/access/deployment.go	b03_only	a76a000bfa13d84edf8c1864503408f9c14742c1c6e911d12f3a0a0e15729b85	456d9d7e9e6258816b13ed0987637aed30380a8f5725bcc9bef09d88872ef990	a76a000bfa13d84edf8c1864503408f9c14742c1c6e911d12f3a0a0e15729b85	0644	0644	456d9d7e9e6258816b13ed0987637aed30380a8f5725bcc9bef09d88872ef990
internal/access/destination.go	b03_only	e5bdecd680faf36d595489d78a995a69f99626a3be8634d5b9a89298321682cf	ba057e04e5bfce97f09fd1ead3e99a702839ea4340e57360d475414e8d407ae9	e5bdecd680faf36d595489d78a995a69f99626a3be8634d5b9a89298321682cf	0644	0644	ba057e04e5bfce97f09fd1ead3e99a702839ea4340e57360d475414e8d407ae9
internal/access/project_access.go	b03_only	ABSENT	06c2ac27cb976f5119b7f77a7f2c38c506f2aa4c4172f071dfcecf82a4c95cdf	ABSENT	0644	ABSENT	06c2ac27cb976f5119b7f77a7f2c38c506f2aa4c4172f071dfcecf82a4c95cdf
internal/access/project_access_test.go	b03_only	ABSENT	0a94fc869ec612cc517d15f01b7492d1761fbd784d42aeb1000f907caac21c2f	ABSENT	0644	ABSENT	0a94fc869ec612cc517d15f01b7492d1761fbd784d42aeb1000f907caac21c2f
internal/access/types.go	b03_only	3250adbd894cb91847ce018bc487c489f27bc6df014bf3bcfb840d9bec87ff43	0f1a9e3188b0a78081d8129d0f34432570a96fbc975ee2ea7cd7936d44dcd632	3250adbd894cb91847ce018bc487c489f27bc6df014bf3bcfb840d9bec87ff43	0644	0644	0f1a9e3188b0a78081d8129d0f34432570a96fbc975ee2ea7cd7936d44dcd632
internal/database/migrations/0004_projects.sql	b03_only	ABSENT	69f5f11d6c186258c067aec98a6ffb0fab92fb1043d7743681ee0e01908763bc	ABSENT	0644	ABSENT	69f5f11d6c186258c067aec98a6ffb0fab92fb1043d7743681ee0e01908763bc
internal/database/postgres_test.go	b03_only	34b040942bb7180510477f4d5766ae262044884a0b867f2c1b209cc9919de465	7a3fcd0cdddac327eb8bab975ded9562082b994151fbe331c7ec060d0e34050d	34b040942bb7180510477f4d5766ae262044884a0b867f2c1b209cc9919de465	0644	0644	7a3fcd0cdddac327eb8bab975ded9562082b994151fbe331c7ec060d0e34050d
internal/jsoninput/decode.go	b03_only	7a59d4d1acfb4bb54332713fed65a6ef00feac1704d55b04a19324a0e357bf66	b78784c21aaecee43922875545e6ba6896a8c567c2be8c38b8672b035fc743b8	7a59d4d1acfb4bb54332713fed65a6ef00feac1704d55b04a19324a0e357bf66	0644	0644	b78784c21aaecee43922875545e6ba6896a8c567c2be8c38b8672b035fc743b8
internal/jsoninput/decode_test.go	b03_only	188e15f2cc20200f0fb6beb6355343595f1927c5c1b1afb49a24f2964aedb028	09c826698ac76a5354fea28267ff506964bbca3a95bd3e9491965add13efde21	188e15f2cc20200f0fb6beb6355343595f1927c5c1b1afb49a24f2964aedb028	0644	0644	09c826698ac76a5354fea28267ff506964bbca3a95bd3e9491965add13efde21
internal/projects/input.go	b03_only	ABSENT	766702cfc90e5c9d86ac8651fd69d2d7ab5be0e3c8086fad051df15a6fb3c8ac	ABSENT	0644	ABSENT	766702cfc90e5c9d86ac8651fd69d2d7ab5be0e3c8086fad051df15a6fb3c8ac
internal/projects/input_test.go	b03_only	ABSENT	da1cc0df362c735590c65af23835529bf3f43e342fe3f939ee5b055464bbce40	ABSENT	0644	ABSENT	da1cc0df362c735590c65af23835529bf3f43e342fe3f939ee5b055464bbce40
internal/projects/postgres_test.go	b03_only	ABSENT	6987fd85ed171f0c7c4b8216718e7aae0db549c0f68f17cd472ea6ec32704498	ABSENT	0644	ABSENT	6987fd85ed171f0c7c4b8216718e7aae0db549c0f68f17cd472ea6ec32704498
internal/projects/service.go	b03_only	ABSENT	3c19cc4736ce9d1617dcacd2533c2ca62fb7be45b1cd867ee6cf7eec17eee20c	ABSENT	0644	ABSENT	3c19cc4736ce9d1617dcacd2533c2ca62fb7be45b1cd867ee6cf7eec17eee20c
internal/projects/storage.go	b03_only	ABSENT	a2f13194639616830f4da7b381be21024416b5045e38e8c86ad96d5108d8344e	ABSENT	0644	ABSENT	a2f13194639616830f4da7b381be21024416b5045e38e8c86ad96d5108d8344e
internal/projects/types.go	b03_only	ABSENT	69b5a5eea9c20dfce2f70e8c599a8c10b77a148f41d4a72ec4e9c04fd7f604ce	ABSENT	0644	ABSENT	69b5a5eea9c20dfce2f70e8c599a8c10b77a148f41d4a72ec4e9c04fd7f604ce
internal/secrets/inspection.go	b03_only	ABSENT	cebb0be302d6365f2cb8774af6882bab1bac472385f89456016efd566656203e	ABSENT	0644	ABSENT	cebb0be302d6365f2cb8774af6882bab1bac472385f89456016efd566656203e
internal/web/project_browser_test.go	b03_only	ABSENT	530171f013c89dc6a72a0161e993b3aa2205b57c86abde9400b961b3c3e73b33	ABSENT	0644	ABSENT	530171f013c89dc6a72a0161e993b3aa2205b57c86abde9400b961b3c3e73b33
internal/web/project_process_test.go	b03_only	ABSENT	0974cb5fd69c486ab19c5ce86f7277326bfd6b08acd0289b3d1fc9ea041a1d4a	ABSENT	0644	ABSENT	0974cb5fd69c486ab19c5ce86f7277326bfd6b08acd0289b3d1fc9ea041a1d4a
internal/web/projects.go	b03_only	ABSENT	150bb766dc9bc4f3a7347e4cccb9fda64635a93d3401d87a55616b9460e87054	ABSENT	0644	ABSENT	150bb766dc9bc4f3a7347e4cccb9fda64635a93d3401d87a55616b9460e87054
internal/web/server.go	b03_only	ae30dc0061bd87633cbae7bf430359fd7c0c5366550f0fcf62f9cdada05cdf5d	d4cb0d947209659b931b90575f67c8a569f95df1209a3c4d8b9b9c97f5818d22	ae30dc0061bd87633cbae7bf430359fd7c0c5366550f0fcf62f9cdada05cdf5d	0644	0644	d4cb0d947209659b931b90575f67c8a569f95df1209a3c4d8b9b9c97f5818d22
internal/web/server_test.go	b03_only	c43d82882af5cecd88f4fb2274251ed0cdcce62e922bf8ee1374b7532770b24d	42ca905f7fd11f6f9901daf683650f88f6184a9608c32d53231cc2064a24cf70	c43d82882af5cecd88f4fb2274251ed0cdcce62e922bf8ee1374b7532770b24d	0644	0644	42ca905f7fd11f6f9901daf683650f88f6184a9608c32d53231cc2064a24cf70
scripts/build.ps1	b03_only	98191d5a465610cf8d0e064d18c9284703188bc88cfca997d626e27d5a0929f0	b7906a37468c6a8fa0c965f3da93238f0009983ed79633d77d988499b2ea2662	98191d5a465610cf8d0e064d18c9284703188bc88cfca997d626e27d5a0929f0	0644	0644	b7906a37468c6a8fa0c965f3da93238f0009983ed79633d77d988499b2ea2662
scripts/verify-batch.ps1	b03_only	3c4128c8c510be2974aeb7497bb58ca02acd8cacb3e01519642d24adbfcb548f	eb74b9055c8ef2364bc2cc1a4a3c291b253f1e8513bed367d9ba227df9ba2f36	3c4128c8c510be2974aeb7497bb58ca02acd8cacb3e01519642d24adbfcb548f	0644	0644	eb74b9055c8ef2364bc2cc1a4a3c291b253f1e8513bed367d9ba227df9ba2f36
web/package.json	b03_only	b8a18f20febc991e51b2cb9a864a54fee3fd12704551107dca3f61bce759ee56	0a8a6f788ab20852219c500e902545c7551ca37fc760cf440c779b668361aee5	b8a18f20febc991e51b2cb9a864a54fee3fd12704551107dca3f61bce759ee56	0644	0644	0a8a6f788ab20852219c500e902545c7551ca37fc760cf440c779b668361aee5
web/src/AuthEntry.tsx	b03_only	e21db9bf31befffb13eff84eaa090f083dd4e24fb17cda6ffb7c8f409b4a1c87	f33ddd8d2f88c276a1a6076b3e2c2b204608292ee4efb3de2d41364309aa1dd2	e21db9bf31befffb13eff84eaa090f083dd4e24fb17cda6ffb7c8f409b4a1c87	0644	0644	f33ddd8d2f88c276a1a6076b3e2c2b204608292ee4efb3de2d41364309aa1dd2
web/src/AuthResult.tsx	b03_only	dfb1245fbdea2e8aaca30bd4a2ff1ab663542c220cbc6557864155360df652a2	a95e6ac814f07060bc38f05224584f8a7a99924408028498d8a6b93f70a37ffc	dfb1245fbdea2e8aaca30bd4a2ff1ab663542c220cbc6557864155360df652a2	0644	0644	a95e6ac814f07060bc38f05224584f8a7a99924408028498d8a6b93f70a37ffc
web/src/ConfigurationFields.tsx	b03_only	ABSENT	089dd1dd902b545fd60d1fa05b8ed0f183ceb0196ae62b59f2563790070f2134	ABSENT	0644	ABSENT	089dd1dd902b545fd60d1fa05b8ed0f183ceb0196ae62b59f2563790070f2134
web/src/CreateProjectPage.tsx	b03_only	ABSENT	9cc5d35da36ca09ee8e7eb9048bf3329f9a37c440ec136ffe7b58116725a0d8f	ABSENT	0644	ABSENT	9cc5d35da36ca09ee8e7eb9048bf3329f9a37c440ec136ffe7b58116725a0d8f
web/src/ProjectOperationPage.tsx	b03_only	ABSENT	fc44cd01da3db355605e93a6a3a80a7164134bde1cfa80bfa78f81520adef6c2	ABSENT	0644	ABSENT	fc44cd01da3db355605e93a6a3a80a7164134bde1cfa80bfa78f81520adef6c2
web/src/ProjectOperationResult.tsx	b03_only	ABSENT	7fd334d24493eaa9e12e2a7724cbfc08e7f4bb30e95f537ef5c7d001a86c0bc4	ABSENT	0644	ABSENT	7fd334d24493eaa9e12e2a7724cbfc08e7f4bb30e95f537ef5c7d001a86c0bc4
web/src/ProjectPage.tsx	b03_only	ABSENT	fef95e0b14c90ddd3b928bae93d202ca0782f4564f1c152fd608fe3227402e6d	ABSENT	0644	ABSENT	fef95e0b14c90ddd3b928bae93d202ca0782f4564f1c152fd608fe3227402e6d
web/src/ProjectSettingsPage.tsx	b03_only	ABSENT	252a521c97dad5ea060d1cd40096ede020bd03a7a2afd64b3d4f76e6188367a8	ABSENT	0644	ABSENT	252a521c97dad5ea060d1cd40096ede020bd03a7a2afd64b3d4f76e6188367a8
web/src/ProjectShell.tsx	b03_only	ABSENT	ac24a5fcd4f8335daa150d9c4a70aeeb3ab15308ea4906ed31925f74498793c9	ABSENT	0644	ABSENT	ac24a5fcd4f8335daa150d9c4a70aeeb3ab15308ea4906ed31925f74498793c9
web/src/ProjectsPage.tsx	b03_only	ABSENT	e379f7596bf2d92f4fbad2ebdd4ea9d810b062d802f117f838e14ea2991cd4da	ABSENT	0644	ABSENT	e379f7596bf2d92f4fbad2ebdd4ea9d810b062d802f117f838e14ea2991cd4da
web/src/RepositoryHome.tsx	b03_only	8989b0899ae0e9fef862fa2aab60290b830c7ce44423f22dedf600ae9d5b1590	1bb19287364800147824e228e1a5d6e4afa5199d3c67e8c99f466e13be585d4e	8989b0899ae0e9fef862fa2aab60290b830c7ce44423f22dedf600ae9d5b1590	0644	0644	1bb19287364800147824e228e1a5d6e4afa5199d3c67e8c99f466e13be585d4e
web/src/RepositoryPicker.tsx	b03_only	ABSENT	a45458c8c0298c0fa78516e2fa3c2912a1893287a8b671fd6bac4e6d5717e56f	ABSENT	0644	ABSENT	a45458c8c0298c0fa78516e2fa3c2912a1893287a8b671fd6bac4e6d5717e56f
web/src/api.test.mjs	b03_only	77b3b2b928c75ad3e23763f00f877b4cf06b5afd08306fb1e780570ed8e9fc88	06edb894bbf6d75319c42631f036b91b42df7ee82ce95d8946a86e3123bd3617	77b3b2b928c75ad3e23763f00f877b4cf06b5afd08306fb1e780570ed8e9fc88	0644	0644	06edb894bbf6d75319c42631f036b91b42df7ee82ce95d8946a86e3123bd3617
web/src/api.ts	b03_only	78861f6027dba02db2009673d625069da5665d147007086eebc7c751adc9f09f	422c3e3df974c16ce825236082770b91f862a962482dc597e6d724e0594bab63	78861f6027dba02db2009673d625069da5665d147007086eebc7c751adc9f09f	0644	0644	422c3e3df974c16ce825236082770b91f862a962482dc597e6d724e0594bab63
web/src/main.tsx	b03_only	5bcc1b22de7b72c13dff2f93808c98eb436ee400cf501a68066ec6e5e8daedfe	a3a13477481627e7161a1302478a31151995df05d3dea7bccf67fc4c785f330e	5bcc1b22de7b72c13dff2f93808c98eb436ee400cf501a68066ec6e5e8daedfe	0644	0644	a3a13477481627e7161a1302478a31151995df05d3dea7bccf67fc4c785f330e
web/src/project.test.mjs	b03_only	ABSENT	835d660679eee9e35e8a9615363ee853592ac5a2b08a546c47771476b8afc8de	ABSENT	0644	ABSENT	835d660679eee9e35e8a9615363ee853592ac5a2b08a546c47771476b8afc8de
web/src/projectApi.ts	b03_only	ABSENT	0bba8b0c5bd0e3b4237153404cd89a9c888456a02c6ece88c7b640e8cc56898d	ABSENT	0644	ABSENT	0bba8b0c5bd0e3b4237153404cd89a9c888456a02c6ece88c7b640e8cc56898d
web/src/projectDrafts.ts	b03_only	ABSENT	1866bd5a13421339b897bb9bf520c75f4179ee0baf1ded18c4fe3947fe71793f	ABSENT	0644	ABSENT	1866bd5a13421339b897bb9bf520c75f4179ee0baf1ded18c4fe3947fe71793f
web/src/projectPages.ts	b03_only	ABSENT	16a7b855a990a0c24cb431eec73e2d7d20e4907618154eda0afa5c40667643e5	ABSENT	0644	ABSENT	16a7b855a990a0c24cb431eec73e2d7d20e4907618154eda0afa5c40667643e5
web/src/projectRecovery.ts	b03_only	ABSENT	43232267bce8e57133bf986a4e43c4068bb239cc9d4c11bfa6608b6f356cdfa5	ABSENT	0644	ABSENT	43232267bce8e57133bf986a4e43c4068bb239cc9d4c11bfa6608b6f356cdfa5
web/src/projectRequests.ts	b03_only	ABSENT	141c9be47d80cf416a6813e17e07c08014319a049a0fb24ee9711810a570a30c	ABSENT	0644	ABSENT	141c9be47d80cf416a6813e17e07c08014319a049a0fb24ee9711810a570a30c
web/src/recovery.ts	b03_only	aea778f5322a62429f2107509a46f76f7c942c5b8c5b9dead273b78fbe9cb5e5	33872298b0b64c67c6b1f15717ca3d7a23b6863f3bbbf4c65e27aff6f24af7f6	aea778f5322a62429f2107509a46f76f7c942c5b8c5b9dead273b78fbe9cb5e5	0644	0644	33872298b0b64c67c6b1f15717ca3d7a23b6863f3bbbf4c65e27aff6f24af7f6
web/src/routes.ts	b03_only	ABSENT	4282b2fa2611dfdf51fa646dc8d040040f5b2651a261ac57cf8ef42c1ddf8915	ABSENT	0644	ABSENT	4282b2fa2611dfdf51fa646dc8d040040f5b2651a261ac57cf8ef42c1ddf8915
web/src/session.ts	b03_only	0a14aad67fc5dadaa002ed80da4e24620a5f5a3aeb1d77007c689330b65beb94	20b3889412b331d475744852ea6d8b8524cae7008609c39201ba9a8c4d84b3bc	0a14aad67fc5dadaa002ed80da4e24620a5f5a3aeb1d77007c689330b65beb94	0644	0644	20b3889412b331d475744852ea6d8b8524cae7008609c39201ba9a8c4d84b3bc
web/src/style.css	b03_only	d2f078d976600a196cc3b9687de66ad96d006499a56f333a00ef710463f986c0	305ed0ae236d628f5511e44efa53c09770bcde96d3eddd04c715a3deb75b30e2	d2f078d976600a196cc3b9687de66ad96d006499a56f333a00ef710463f986c0	0644	0644	305ed0ae236d628f5511e44efa53c09770bcde96d3eddd04c715a3deb75b30e2
web/src/test-loader.mjs	b03_only	ABSENT	2b9737cbdbd2be95857c18d3598624ebaff7faec002c38deab1ad8106a749071	ABSENT	0644	ABSENT	2b9737cbdbd2be95857c18d3598624ebaff7faec002c38deab1ad8106a749071
web/src/values.ts	b03_only	ABSENT	325d3dcf77d993e16f8086f19d825d864711d81174903f7d8d2648d10cdbc8d2	ABSENT	0644	ABSENT	325d3dcf77d993e16f8086f19d825d864711d81174903f7d8d2648d10cdbc8d2
